{"mean": [2.834061947868315e-07, 2.705895836050467e-07, 0.00011907455997655306, -0.001890339206346114], "scale": [0.00016527806531423794, 5.001090954977154e-05, 0.00011054586844499056, 1.007900526324868]}